               epoch,      train/box_loss,      train/obj_loss,      train/cls_loss,   metrics/precision,      metrics/recall,     metrics/mAP_0.5,metrics/mAP_0.5:0.95,        val/box_loss,        val/obj_loss,        val/cls_loss,               x/lr0,               x/lr1,               x/lr2
                   0,             0.11528,            0.044911,                   0,           0.0056653,             0.12403,           0.0030329,          0.00054999,             0.11181,            0.045476,                   0,             0.00012,             0.00012,             0.09892
                   1,             0.10338,            0.047438,                   0,           0.0075638,             0.17054,           0.0042531,          0.00090079,            0.092368,            0.051735,                   0,          0.00024999,          0.00024999,             0.09775
                   2,            0.090556,            0.051879,                   0,            0.014842,             0.23256,            0.010808,           0.0023774,            0.074708,             0.05814,                   0,          0.00037996,          0.00037996,             0.09658
                   3,             0.08353,            0.057878,                   0,             0.34252,             0.27463,             0.17754,            0.036869,            0.068554,            0.058272,                   0,          0.00050989,          0.00050989,             0.09541
                   4,            0.074827,            0.052283,                   0,             0.87018,             0.47287,              0.5829,              0.2012,            0.063317,            0.054958,                   0,          0.00063975,          0.00063975,             0.09424
                   5,            0.067778,            0.052612,                   0,             0.76458,             0.63566,             0.76234,             0.30031,            0.058206,            0.047749,                   0,          0.00076953,          0.00076953,             0.09307
                   6,            0.059821,            0.048532,                   0,             0.79523,             0.81285,             0.84114,             0.32219,            0.054302,            0.041858,                   0,           0.0008992,           0.0008992,            0.091899
                   7,            0.056923,            0.038236,                   0,             0.75595,             0.79845,             0.82004,             0.30894,            0.046563,            0.039385,                   0,           0.0010288,           0.0010288,            0.090729
                   8,             0.05328,            0.037102,                   0,             0.97219,             0.81294,             0.89995,             0.41464,            0.043912,            0.035834,                   0,           0.0011582,           0.0011582,            0.089558
                   9,            0.050677,            0.034441,                   0,             0.87609,             0.76731,             0.86448,             0.36415,            0.043159,            0.031662,                   0,           0.0012874,           0.0012874,            0.088387
                  10,            0.050804,            0.032381,                   0,             0.81748,               0.868,             0.86859,             0.43868,            0.040339,            0.029792,                   0,           0.0014165,           0.0014165,            0.087216
                  11,            0.049003,             0.02939,                   0,              0.9268,             0.88328,             0.93266,             0.51047,            0.040204,            0.028053,                   0,           0.0015454,           0.0015454,            0.086045
                  12,             0.05065,            0.029818,                   0,             0.67989,             0.72868,             0.76047,             0.27558,            0.064004,             0.02675,                   0,            0.001674,            0.001674,            0.084874
                  13,             0.06338,            0.026539,                   0,             0.56119,             0.77519,             0.66254,              0.2785,            0.048845,            0.028674,                   0,           0.0018025,           0.0018025,            0.083702
                  14,            0.058264,            0.028103,                   0,             0.70418,             0.77503,             0.74128,             0.21616,            0.059291,            0.026707,                   0,           0.0019306,           0.0019306,            0.082531
                  15,             0.05612,            0.028189,                   0,             0.48832,             0.83721,             0.62951,             0.14081,             0.05427,            0.026936,                   0,           0.0020585,           0.0020585,            0.081359
                  16,            0.055715,            0.027006,                   0,             0.65982,             0.75194,             0.68743,              0.3492,            0.048288,            0.025893,                   0,           0.0021861,           0.0021861,            0.080186
                  17,            0.056588,            0.026728,                   0,             0.66007,             0.84496,             0.78554,             0.40079,            0.044653,             0.02549,                   0,           0.0023134,           0.0023134,            0.079013
                  18,            0.051046,            0.025407,                   0,             0.77949,             0.85271,             0.87875,             0.44709,            0.039569,            0.025624,                   0,           0.0024404,           0.0024404,             0.07784
                  19,            0.048948,            0.024748,                   0,             0.69724,             0.80337,              0.7797,              0.3009,            0.046519,            0.024006,                   0,            0.002567,            0.002567,            0.076667
                  20,            0.048245,            0.024217,                   0,             0.53226,             0.81395,             0.60469,             0.20641,            0.038029,            0.024359,                   0,           0.0026933,           0.0026933,            0.075493
                  21,            0.048086,            0.024347,                   0,             0.68954,             0.82643,             0.81216,             0.35592,            0.039385,            0.023954,                   0,           0.0028191,           0.0028191,            0.074319
                  22,            0.047469,            0.023329,                   0,             0.67061,              0.8062,             0.71104,             0.32196,            0.041843,            0.023756,                   0,           0.0029446,           0.0029446,            0.073145
                  23,             0.04453,            0.021966,                   0,             0.85188,              0.8062,             0.85628,             0.41622,             0.04151,            0.023528,                   0,           0.0030696,           0.0030696,             0.07197
                  24,            0.043227,             0.02278,                   0,             0.96625,             0.90698,             0.96885,             0.49091,            0.035887,            0.023399,                   0,           0.0031942,           0.0031942,            0.070794
                  25,            0.044116,            0.023177,                   0,             0.95155,             0.91344,             0.96706,             0.55561,            0.037678,             0.02298,                   0,           0.0033183,           0.0033183,            0.069618
                  26,            0.044873,            0.021625,                   0,             0.96093,             0.95337,             0.97018,             0.43908,            0.037094,            0.023508,                   0,            0.003442,            0.003442,            0.068442
                  27,            0.044003,            0.021504,                   0,             0.99082,             0.88372,             0.96752,             0.48421,            0.033483,            0.022749,                   0,           0.0035651,           0.0035651,            0.067265
                  28,            0.040587,            0.022157,                   0,             0.98155,             0.86822,             0.96573,             0.50488,            0.032275,            0.022232,                   0,           0.0036878,           0.0036878,            0.066088
                  29,             0.04161,            0.021511,                   0,             0.97442,             0.89147,             0.97394,             0.49016,            0.034449,            0.021974,                   0,           0.0038099,           0.0038099,             0.06491
                  30,            0.039737,            0.022146,                   0,                   1,             0.96123,             0.99124,             0.62581,            0.030021,            0.021634,                   0,           0.0039315,           0.0039315,            0.063731
                  31,            0.039031,            0.019831,                   0,             0.84878,             0.96124,             0.96895,             0.54275,            0.034498,            0.021695,                   0,           0.0040525,           0.0040525,            0.062552
                  32,            0.038067,            0.020012,                   0,              0.9655,             0.87597,             0.96726,             0.57255,            0.030251,            0.021853,                   0,           0.0041729,           0.0041729,            0.061373
                  33,            0.037259,            0.020828,                   0,             0.97638,             0.96114,             0.98664,              0.6595,            0.027554,            0.021521,                   0,           0.0042927,           0.0042927,            0.060193
                  34,            0.035341,            0.021004,                   0,             0.89915,             0.89846,             0.95726,             0.54955,            0.029988,            0.021395,                   0,           0.0044119,           0.0044119,            0.059012
                  35,            0.036718,            0.020618,                   0,             0.87323,             0.96119,             0.95421,             0.58253,            0.032713,            0.020995,                   0,           0.0045304,           0.0045304,             0.05783
                  36,             0.03614,            0.021681,                   0,                   1,             0.96119,             0.98933,             0.60922,            0.026885,            0.021455,                   0,           0.0046483,           0.0046483,            0.056648
                  37,            0.036602,            0.020307,                   0,                   1,             0.91442,             0.98147,             0.57404,            0.026268,            0.021966,                   0,           0.0047655,           0.0047655,            0.055466
                  38,            0.036619,            0.019547,                   0,             0.76547,             0.73643,             0.81407,             0.31422,            0.037469,            0.021923,                   0,           0.0048821,           0.0048821,            0.054282
                  39,            0.043612,            0.020276,                   0,             0.93351,             0.76744,             0.92659,              0.5489,            0.033386,            0.021829,                   0,           0.0049979,           0.0049979,            0.053098
                  40,            0.043012,            0.021448,                   0,             0.93077,             0.93795,             0.96158,             0.39952,            0.039197,            0.023161,                   0,            0.005113,            0.005113,            0.051913
                  41,            0.042125,             0.01999,                   0,             0.96609,             0.88337,             0.96253,             0.43132,             0.03707,            0.021091,                   0,           0.0052274,           0.0052274,            0.050727
                  42,            0.039219,            0.020234,                   0,             0.96635,             0.89038,             0.96299,             0.64376,            0.035728,            0.021024,                   0,            0.005341,            0.005341,            0.049541
                  43,            0.040116,             0.02127,                   0,             0.97353,             0.88372,             0.95039,             0.53711,            0.035366,            0.020793,                   0,           0.0054539,           0.0054539,            0.048354
                  44,            0.039028,            0.020743,                   0,             0.99171,             0.96124,             0.98944,             0.61557,            0.029548,            0.020889,                   0,           0.0055659,           0.0055659,            0.047166
                  45,            0.039042,            0.019026,                   0,             0.74964,             0.88203,             0.85249,              0.5473,            0.030004,            0.020705,                   0,           0.0056772,           0.0056772,            0.045977
                  46,            0.036066,            0.018284,                   0,             0.99167,             0.92247,             0.98475,             0.66584,             0.02941,            0.020843,                   0,           0.0057876,           0.0057876,            0.044788
                  47,            0.037862,             0.02012,                   0,             0.95865,             0.89851,             0.97247,             0.58169,            0.031674,            0.021144,                   0,           0.0058972,           0.0058972,            0.043597
                  48,            0.037896,            0.018932,                   0,             0.95835,             0.89922,             0.96781,             0.62107,             0.03316,            0.022372,                   0,            0.006006,            0.006006,            0.042406
                  49,             0.03692,            0.020133,                   0,             0.99204,             0.96899,             0.99352,             0.60844,            0.033703,            0.020744,                   0,           0.0061139,           0.0061139,            0.041214
                  50,            0.035758,            0.019096,                   0,             0.99999,             0.96124,             0.99302,             0.56303,            0.032683,            0.021251,                   0,           0.0062209,           0.0062209,            0.040021
                  51,            0.037203,            0.019859,                   0,               0.984,              0.9533,             0.99087,             0.62088,            0.028675,            0.020502,                   0,            0.006327,            0.006327,            0.038827
                  52,            0.034175,            0.017654,                   0,             0.96992,             0.99971,             0.99385,             0.61051,            0.029145,            0.020821,                   0,           0.0064322,           0.0064322,            0.037632
                  53,            0.035222,            0.018446,                   0,             0.99212,              0.9845,             0.99433,             0.48335,            0.033207,             0.02083,                   0,           0.0065365,           0.0065365,            0.036436
                  54,             0.03565,            0.019419,                   0,             0.97692,             0.98446,             0.98733,             0.57204,            0.029234,            0.020963,                   0,           0.0066398,           0.0066398,             0.03524
                  55,            0.032379,            0.017843,                   0,             0.96898,             0.96899,             0.99001,              0.6595,             0.02906,             0.02045,                   0,           0.0067422,           0.0067422,            0.034042
                  56,            0.032893,            0.018001,                   0,              0.9845,             0.98448,             0.99423,             0.62605,            0.031704,            0.020219,                   0,           0.0068436,           0.0068436,            0.032844
                  57,            0.035868,            0.018865,                   0,             0.98448,              0.9845,             0.99439,             0.65483,            0.028018,            0.020436,                   0,           0.0069441,           0.0069441,            0.031644
                  58,            0.030717,            0.017088,                   0,              0.9846,             0.99225,             0.99446,             0.67451,             0.02594,             0.02093,                   0,           0.0070435,           0.0070435,            0.030444
                  59,            0.030883,            0.016685,                   0,             0.95556,                   1,             0.99128,             0.67707,             0.02607,            0.021212,                   0,           0.0071419,           0.0071419,            0.029242
                  60,            0.030982,            0.017389,                   0,             0.97724,                   1,             0.99432,             0.68248,            0.025672,            0.020258,                   0,           0.0072393,           0.0072393,            0.028039
                  61,            0.028943,             0.01681,                   0,             0.99187,             0.96899,             0.99371,             0.70736,            0.024845,            0.020183,                   0,           0.0073357,           0.0073357,            0.026836
                  62,            0.031606,            0.016844,                   0,             0.97692,             0.98449,             0.99127,             0.70174,            0.025601,            0.020333,                   0,            0.007431,            0.007431,            0.025631
                  63,            0.029301,            0.018854,                   0,             0.97972,             0.86822,             0.96285,             0.55782,            0.028102,            0.021023,                   0,           0.0075253,           0.0075253,            0.024425
                  64,            0.036345,            0.020645,                   0,             0.99155,             0.93023,             0.99091,             0.46745,            0.031752,            0.020951,                   0,           0.0076185,           0.0076185,            0.023218
                  65,            0.037302,            0.020753,                   0,             0.97692,             0.98445,             0.99357,             0.69209,            0.027464,             0.02064,                   0,           0.0077106,           0.0077106,            0.022011
                  66,            0.034174,            0.017703,                   0,              0.9621,              0.9845,             0.99204,             0.63051,            0.028557,            0.020638,                   0,           0.0078016,           0.0078016,            0.020802
                  67,            0.034795,            0.016778,                   0,              0.9681,             0.96124,             0.97432,             0.44042,            0.041401,            0.021419,                   0,           0.0078914,           0.0078914,            0.019591
                  68,            0.038836,            0.018354,                   0,             0.95489,             0.98449,             0.99155,             0.66543,            0.027717,            0.020478,                   0,           0.0079802,           0.0079802,             0.01838
                  69,            0.030883,            0.016876,                   0,             0.96146,             0.97674,             0.98847,             0.64931,            0.025398,            0.021095,                   0,           0.0080678,           0.0080678,            0.017168
                  70,            0.031309,            0.016308,                   0,              0.9699,                   1,             0.99235,             0.69054,            0.029102,             0.02111,                   0,           0.0081543,           0.0081543,            0.015954
                  71,            0.029161,            0.017727,                   0,             0.95374,             0.96899,             0.99108,             0.69928,            0.027465,            0.020666,                   0,           0.0082396,           0.0082396,             0.01474
                  72,            0.028858,            0.017449,                   0,             0.97683,              0.9845,             0.99389,             0.66312,             0.02648,            0.021087,                   0,           0.0083238,           0.0083238,            0.013524
                  73,            0.031842,            0.020068,                   0,              0.8988,             0.89922,             0.95667,             0.49315,            0.030495,            0.020652,                   0,           0.0084068,           0.0084068,            0.012307
                  74,            0.031719,            0.018532,                   0,             0.97674,             0.97652,             0.99207,             0.65048,            0.022944,            0.019791,                   0,           0.0084885,           0.0084885,            0.011089
                  75,            0.027906,            0.016912,                   0,                   1,             0.96112,             0.99155,              0.6762,            0.027669,            0.019901,                   0,           0.0085691,           0.0085691,           0.0098691
                  76,            0.029054,            0.017091,                   0,             0.99208,             0.97674,             0.99221,             0.72433,            0.026177,            0.020575,                   0,           0.0086485,           0.0086485,           0.0086485
                  77,            0.029932,            0.017047,                   0,             0.98449,             0.98439,             0.99319,             0.69747,            0.025925,            0.020806,                   0,           0.0086485,           0.0086485,           0.0086485
                  78,            0.033128,            0.018934,                   0,              0.9612,             0.96124,             0.97888,             0.62136,            0.026946,            0.021527,                   0,           0.0086146,           0.0086146,           0.0086146
                  79,            0.029671,            0.017688,                   0,                   1,             0.96897,             0.99376,             0.69583,            0.025289,            0.020082,                   0,           0.0085805,           0.0085805,           0.0085805
                  80,            0.027816,            0.016614,                   0,             0.98425,             0.96897,             0.99176,             0.70833,             0.02269,            0.019955,                   0,           0.0085459,           0.0085459,           0.0085459
                  81,            0.025305,            0.015963,                   0,             0.99992,             0.97674,             0.99426,             0.74242,            0.022043,            0.019494,                   0,           0.0085111,           0.0085111,           0.0085111
                  82,            0.025934,            0.016483,                   0,             0.99989,             0.97674,             0.99405,             0.72337,            0.022951,            0.019065,                   0,           0.0084759,           0.0084759,           0.0084759
                  83,            0.024788,            0.016258,                   0,             0.99212,             0.97674,             0.99396,             0.66825,            0.023779,            0.019845,                   0,           0.0084404,           0.0084404,           0.0084404
                  84,            0.023781,            0.016563,                   0,                   1,             0.97671,             0.99462,             0.72555,            0.022481,            0.019836,                   0,           0.0084046,           0.0084046,           0.0084046
                  85,            0.025277,            0.016025,                   0,             0.98435,             0.97674,             0.99363,             0.73143,             0.02175,             0.01959,                   0,           0.0083684,           0.0083684,           0.0083684
                  86,            0.026128,            0.016213,                   0,             0.98437,              0.9767,             0.99355,             0.72172,            0.023245,             0.02007,                   0,           0.0083319,           0.0083319,           0.0083319
                  87,            0.026775,            0.017817,                   0,             0.97655,             0.96899,             0.99255,             0.66995,             0.02626,            0.020268,                   0,           0.0082952,           0.0082952,           0.0082952
                  88,            0.025136,            0.017067,                   0,             0.99213,             0.97673,             0.99395,             0.70031,            0.024557,            0.020589,                   0,           0.0082581,           0.0082581,           0.0082581
                  89,            0.023848,            0.015271,                   0,             0.99998,             0.97674,             0.99447,             0.68737,            0.022363,            0.019789,                   0,           0.0082207,           0.0082207,           0.0082207
                  90,            0.026689,            0.014749,                   0,             0.98449,              0.9845,             0.99431,             0.67179,            0.026193,            0.020589,                   0,            0.008183,            0.008183,            0.008183
                  91,            0.024084,            0.016436,                   0,             0.99219,             0.98449,             0.99447,             0.73084,            0.022494,            0.020331,                   0,            0.008145,            0.008145,            0.008145
                  92,            0.022439,            0.016359,                   0,             0.99997,             0.97674,             0.99419,             0.70305,            0.023321,            0.020711,                   0,           0.0081068,           0.0081068,           0.0081068
                  93,            0.024905,            0.015424,                   0,                   1,             0.97668,              0.9933,             0.71013,            0.022407,            0.020834,                   0,           0.0080682,           0.0080682,           0.0080682
                  94,            0.028409,            0.016057,                   0,                   1,             0.96899,             0.99167,             0.71551,            0.022584,            0.020609,                   0,           0.0080294,           0.0080294,           0.0080294
                  95,            0.023162,            0.016392,                   0,               0.992,             0.96123,              0.9832,              0.6783,            0.022995,            0.021324,                   0,           0.0079903,           0.0079903,           0.0079903
                  96,            0.021436,             0.01614,                   0,                   1,             0.97673,             0.99375,             0.74583,            0.021655,             0.02011,                   0,           0.0079509,           0.0079509,           0.0079509
                  97,             0.02081,            0.015197,                   0,             0.98437,             0.97674,             0.99319,             0.73384,            0.021855,            0.020522,                   0,           0.0079112,           0.0079112,           0.0079112
                  98,            0.024193,            0.015491,                   0,                   1,             0.97666,             0.99361,             0.70204,             0.02167,            0.020362,                   0,           0.0078713,           0.0078713,           0.0078713
                  99,            0.020941,            0.016199,                   0,             0.98435,             0.97674,               0.993,             0.68663,            0.025611,            0.021141,                   0,           0.0078311,           0.0078311,           0.0078311
                 100,            0.026216,            0.015722,                   0,             0.99206,             0.96896,             0.99312,             0.67901,            0.025081,            0.020888,                   0,           0.0077907,           0.0077907,           0.0077907
                 101,            0.024977,            0.016675,                   0,             0.99205,             0.96899,             0.99381,             0.74139,            0.020055,             0.01962,                   0,             0.00775,             0.00775,             0.00775
                 102,            0.021611,            0.014698,                   0,                   1,             0.95343,             0.99321,             0.73236,            0.021165,            0.020024,                   0,           0.0077091,           0.0077091,           0.0077091
                 103,            0.020497,            0.015023,                   0,             0.99213,             0.97666,             0.99431,             0.72935,            0.021727,             0.02067,                   0,           0.0076679,           0.0076679,           0.0076679
                 104,            0.020645,            0.015646,                   0,             0.99989,              0.9845,             0.99485,             0.72987,            0.021566,            0.021051,                   0,           0.0076265,           0.0076265,           0.0076265
                 105,            0.021664,            0.014118,                   0,                   1,             0.97669,             0.99432,              0.7018,            0.022716,            0.019751,                   0,           0.0075848,           0.0075848,           0.0075848
                 106,            0.024091,            0.014811,                   0,              0.9999,              0.9845,             0.99442,             0.71883,             0.02041,            0.019345,                   0,            0.007543,            0.007543,            0.007543
                 107,            0.019625,            0.014735,                   0,             0.98446,              0.9845,             0.99383,             0.67484,            0.024811,            0.020142,                   0,           0.0075009,           0.0075009,           0.0075009
                 108,            0.021282,            0.014702,                   0,                   1,             0.98445,             0.99415,             0.69068,            0.022851,            0.020175,                   0,           0.0074585,           0.0074585,           0.0074585
                 109,            0.021525,            0.014754,                   0,             0.99999,             0.97674,             0.99396,             0.73104,            0.020865,            0.019941,                   0,            0.007416,            0.007416,            0.007416
                 110,            0.018976,            0.014668,                   0,             0.99998,             0.97674,             0.99383,             0.73456,            0.021685,            0.020775,                   0,           0.0073733,           0.0073733,           0.0073733
                 111,            0.021552,            0.015666,                   0,                   1,             0.97674,             0.99309,             0.71841,            0.020686,            0.020651,                   0,           0.0073303,           0.0073303,           0.0073303
                 112,            0.021008,            0.015289,                   0,                   1,             0.97674,             0.99396,             0.73362,            0.020109,            0.020035,                   0,           0.0072872,           0.0072872,           0.0072872
                 113,             0.02226,            0.015545,                   0,                   1,             0.97665,              0.9933,             0.71256,            0.020874,            0.020145,                   0,           0.0072438,           0.0072438,           0.0072438
                 114,             0.02259,            0.015715,                   0,             0.99212,             0.97674,             0.99431,             0.75067,            0.019231,            0.019291,                   0,           0.0072003,           0.0072003,           0.0072003
                 115,            0.020315,            0.014439,                   0,             0.99212,             0.97674,             0.99431,             0.72197,            0.022067,            0.019582,                   0,           0.0071566,           0.0071566,           0.0071566
                 116,            0.020563,            0.014199,                   0,              0.9845,             0.98448,             0.99446,             0.71889,            0.021421,            0.019559,                   0,           0.0071127,           0.0071127,           0.0071127
                 117,            0.022044,            0.014753,                   0,                   1,             0.97674,             0.99439,             0.73964,            0.020669,            0.020318,                   0,           0.0070686,           0.0070686,           0.0070686
                 118,            0.021226,            0.014436,                   0,             0.99206,             0.96898,             0.99387,             0.70208,            0.023704,            0.021569,                   0,           0.0070243,           0.0070243,           0.0070243
                 119,            0.019708,            0.014036,                   0,             0.97709,             0.99201,             0.99423,             0.70081,            0.023123,            0.021527,                   0,           0.0069799,           0.0069799,           0.0069799
                 120,            0.018425,            0.015234,                   0,             0.99993,             0.96899,             0.99409,             0.71163,            0.020945,            0.021746,                   0,           0.0069353,           0.0069353,           0.0069353
                 121,            0.020465,             0.01426,                   0,                   1,             0.96899,             0.99424,             0.72576,             0.02088,             0.02182,                   0,           0.0068906,           0.0068906,           0.0068906
                 122,            0.020436,            0.014586,                   0,             0.99996,             0.97674,             0.99439,             0.73438,             0.02051,            0.021377,                   0,           0.0068457,           0.0068457,           0.0068457
                 123,            0.017458,            0.014042,                   0,             0.98458,             0.99225,             0.99469,             0.71919,            0.021469,            0.020839,                   0,           0.0068006,           0.0068006,           0.0068006
                 124,            0.017997,            0.014909,                   0,             0.98461,             0.99217,             0.99461,             0.71029,            0.021681,            0.020401,                   0,           0.0067555,           0.0067555,           0.0067555
                 125,            0.019679,            0.014798,                   0,                   1,             0.97674,             0.99439,             0.72393,            0.021306,            0.020956,                   0,           0.0067101,           0.0067101,           0.0067101
                 126,            0.017477,            0.014027,                   0,                   1,              0.9767,             0.99432,             0.73938,            0.020683,            0.020877,                   0,           0.0066647,           0.0066647,           0.0066647
                 127,            0.017188,            0.012653,                   0,             0.99998,             0.96899,             0.99401,             0.73184,            0.020722,            0.021834,                   0,           0.0066191,           0.0066191,           0.0066191
                 128,            0.017537,            0.014005,                   0,             0.97727,             0.99989,             0.99454,             0.70435,            0.021562,            0.023233,                   0,           0.0065734,           0.0065734,           0.0065734
                 129,            0.017832,            0.013348,                   0,             0.98461,             0.99205,             0.99477,             0.72759,             0.02279,            0.022113,                   0,           0.0065276,           0.0065276,           0.0065276
                 130,            0.017275,            0.014078,                   0,             0.99997,              0.9845,             0.99449,              0.6968,            0.023136,            0.022796,                   0,           0.0064816,           0.0064816,           0.0064816
                 131,            0.016477,            0.013998,                   0,             0.99216,              0.9845,             0.99454,             0.70779,            0.022612,            0.021793,                   0,           0.0064356,           0.0064356,           0.0064356
                 132,            0.017037,            0.013081,                   0,             0.98472,                   1,             0.99485,             0.68916,            0.023141,            0.021926,                   0,           0.0063895,           0.0063895,           0.0063895
                 133,            0.019647,            0.013922,                   0,             0.97727,             0.99999,             0.99453,             0.70438,            0.021644,            0.021224,                   0,           0.0063432,           0.0063432,           0.0063432
                 134,            0.019879,            0.013728,                   0,             0.99219,             0.98429,             0.99469,             0.72418,            0.020528,            0.020872,                   0,           0.0062969,           0.0062969,           0.0062969
                 135,             0.01906,            0.013992,                   0,                   1,             0.97674,             0.99447,             0.68945,             0.02285,            0.021223,                   0,           0.0062505,           0.0062505,           0.0062505
                 136,            0.018376,            0.013301,                   0,             0.99209,             0.97674,             0.99423,             0.68956,              0.0224,            0.021463,                   0,            0.006204,            0.006204,            0.006204
                 137,            0.019705,            0.014306,                   0,             0.98461,             0.99219,             0.99454,             0.73354,            0.020033,            0.021118,                   0,           0.0061574,           0.0061574,           0.0061574
                 138,            0.017846,            0.013072,                   0,             0.99207,              0.9845,             0.99462,             0.71344,            0.021484,            0.020316,                   0,           0.0061107,           0.0061107,           0.0061107
                 139,            0.016943,            0.013653,                   0,             0.98461,             0.99221,             0.99477,             0.74255,            0.020289,            0.020169,                   0,            0.006064,            0.006064,            0.006064
                 140,            0.016711,            0.013502,                   0,             0.99997,             0.97674,             0.99433,             0.73287,            0.020263,            0.020129,                   0,           0.0060172,           0.0060172,           0.0060172
                 141,            0.018823,            0.014321,                   0,                   1,             0.97673,             0.99454,             0.72673,            0.020557,            0.020032,                   0,           0.0059704,           0.0059704,           0.0059704
                 142,            0.017506,            0.013392,                   0,             0.99995,              0.9845,             0.99477,             0.74814,            0.019538,            0.019143,                   0,           0.0059235,           0.0059235,           0.0059235
                 143,            0.016808,            0.012552,                   0,             0.99992,              0.9845,             0.99485,             0.74656,            0.020927,            0.019295,                   0,           0.0058766,           0.0058766,           0.0058766
                 144,            0.015739,            0.014025,                   0,                   1,             0.98447,             0.99428,             0.74361,            0.020868,            0.019235,                   0,           0.0058296,           0.0058296,           0.0058296
                 145,            0.017019,            0.013528,                   0,                   1,             0.98441,             0.99434,             0.74405,            0.020196,            0.019782,                   0,           0.0057826,           0.0057826,           0.0057826
                 146,            0.016659,            0.013083,                   0,                   1,             0.98448,             0.99455,             0.75195,            0.019953,            0.019641,                   0,           0.0057355,           0.0057355,           0.0057355
                 147,            0.015695,            0.012287,                   0,             0.99998,             0.97674,             0.99432,             0.72249,            0.021948,            0.020692,                   0,           0.0056884,           0.0056884,           0.0056884
                 148,            0.015614,            0.013211,                   0,             0.99999,             0.97674,             0.99412,             0.73805,            0.020755,            0.020594,                   0,           0.0056413,           0.0056413,           0.0056413
                 149,            0.017321,            0.013568,                   0,             0.99998,              0.9845,             0.99434,             0.75702,             0.01979,            0.020356,                   0,           0.0055942,           0.0055942,           0.0055942
                 150,            0.016899,            0.013523,                   0,             0.99219,             0.98447,             0.99323,             0.72495,            0.021526,            0.020398,                   0,           0.0055471,           0.0055471,           0.0055471
                 151,            0.015031,            0.013098,                   0,             0.99998,             0.97674,             0.99325,             0.73294,             0.02045,            0.020152,                   0,              0.0055,              0.0055,              0.0055
                 152,            0.014889,            0.012385,                   0,             0.99999,             0.97674,             0.99361,             0.74394,            0.019646,             0.02012,                   0,           0.0054529,           0.0054529,           0.0054529
                 153,             0.01625,            0.012724,                   0,                   1,             0.98449,             0.99455,             0.74043,            0.020546,            0.020759,                   0,           0.0054058,           0.0054058,           0.0054058
                 154,            0.016764,            0.013109,                   0,             0.99994,              0.9845,             0.99477,             0.73951,            0.020131,            0.020654,                   0,           0.0053587,           0.0053587,           0.0053587
                 155,            0.015781,            0.013506,                   0,                   1,             0.98446,              0.9947,             0.72755,            0.020883,            0.020466,                   0,           0.0053116,           0.0053116,           0.0053116
                 156,            0.016766,            0.012785,                   0,             0.99216,              0.9845,             0.99447,             0.70515,             0.02212,            0.021205,                   0,           0.0052645,           0.0052645,           0.0052645
                 157,            0.019029,            0.014612,                   0,             0.99994,              0.9845,             0.99477,             0.72248,            0.020765,            0.021364,                   0,           0.0052174,           0.0052174,           0.0052174
                 158,            0.017448,            0.013562,                   0,             0.99998,              0.9845,              0.9947,             0.72414,            0.021787,            0.021406,                   0,           0.0051704,           0.0051704,           0.0051704
                 159,            0.015019,            0.012434,                   0,                   1,             0.98448,             0.99455,             0.73223,            0.020773,            0.020939,                   0,           0.0051234,           0.0051234,           0.0051234
                 160,            0.014752,            0.013342,                   0,             0.99218,              0.9845,             0.99426,             0.73876,            0.019926,            0.020585,                   0,           0.0050765,           0.0050765,           0.0050765
                 161,            0.014885,            0.012274,                   0,             0.99216,              0.9845,             0.99406,             0.74819,            0.019635,            0.020402,                   0,           0.0050296,           0.0050296,           0.0050296
                 162,            0.014938,            0.012584,                   0,             0.99219,             0.98447,             0.99406,             0.75389,            0.019794,            0.020363,                   0,           0.0049828,           0.0049828,           0.0049828
                 163,            0.014656,            0.012171,                   0,             0.99998,             0.97674,             0.99425,             0.74814,            0.019503,            0.020691,                   0,            0.004936,            0.004936,            0.004936
                 164,            0.014262,            0.011879,                   0,                   1,             0.97674,             0.99382,             0.75157,            0.018852,             0.02024,                   0,           0.0048893,           0.0048893,           0.0048893
                 165,            0.014751,            0.013039,                   0,             0.99999,             0.97674,             0.99382,             0.74862,            0.019579,            0.020388,                   0,           0.0048426,           0.0048426,           0.0048426
                 166,            0.015523,            0.013379,                   0,                   1,             0.97674,             0.99417,             0.73391,            0.019884,            0.020384,                   0,            0.004796,            0.004796,            0.004796
                 167,            0.014607,            0.012602,                   0,             0.99996,             0.97674,             0.99439,             0.74723,            0.019241,            0.020231,                   0,           0.0047495,           0.0047495,           0.0047495
                 168,            0.013925,            0.012841,                   0,             0.99998,             0.97674,             0.99447,             0.73966,            0.019448,             0.02033,                   0,           0.0047031,           0.0047031,           0.0047031
                 169,            0.013967,            0.012084,                   0,             0.99998,             0.97674,             0.99425,             0.74509,            0.019293,            0.020499,                   0,           0.0046568,           0.0046568,           0.0046568
                 170,            0.015156,            0.012616,                   0,                   1,             0.97672,             0.99447,             0.72311,            0.021564,            0.020873,                   0,           0.0046105,           0.0046105,           0.0046105
                 171,             0.01466,            0.012595,                   0,             0.99219,             0.98447,             0.99447,              0.7398,            0.019924,            0.021071,                   0,           0.0045644,           0.0045644,           0.0045644
                 172,            0.013943,            0.012105,                   0,             0.99994,              0.9845,             0.99462,             0.73189,            0.019945,            0.020743,                   0,           0.0045184,           0.0045184,           0.0045184
                 173,            0.015492,            0.013766,                   0,             0.98473,             0.99979,             0.99485,             0.72621,            0.020325,            0.021074,                   0,           0.0044724,           0.0044724,           0.0044724
                 174,            0.013941,            0.012008,                   0,             0.98473,             0.99978,             0.99485,             0.74426,            0.019286,             0.02059,                   0,           0.0044266,           0.0044266,           0.0044266
                 175,            0.014454,            0.012438,                   0,             0.99995,              0.9845,             0.99477,             0.75245,            0.019176,            0.019931,                   0,           0.0043809,           0.0043809,           0.0043809
                 176,            0.014224,            0.012597,                   0,             0.99998,              0.9845,             0.99455,             0.73693,            0.019756,            0.020334,                   0,           0.0043353,           0.0043353,           0.0043353
                 177,            0.014449,            0.013168,                   0,             0.99999,              0.9845,             0.99485,             0.75394,            0.018732,            0.019984,                   0,           0.0042899,           0.0042899,           0.0042899
                 178,            0.015109,            0.012273,                   0,              0.9922,             0.99225,             0.99492,             0.72528,             0.02119,            0.020863,                   0,           0.0042445,           0.0042445,           0.0042445
                 179,            0.013477,            0.011826,                   0,             0.99222,             0.99225,             0.99492,             0.74296,            0.019637,            0.020426,                   0,           0.0041994,           0.0041994,           0.0041994
                 180,            0.012886,            0.012242,                   0,             0.98455,             0.99225,             0.99477,             0.74676,            0.020332,            0.020503,                   0,           0.0041543,           0.0041543,           0.0041543
                 181,            0.014348,            0.011877,                   0,                   1,             0.98445,             0.99462,             0.74968,            0.019851,            0.020579,                   0,           0.0041094,           0.0041094,           0.0041094
                 182,            0.014326,            0.012165,                   0,             0.99996,              0.9845,             0.99455,             0.75455,             0.02002,            0.020743,                   0,           0.0040647,           0.0040647,           0.0040647
                 183,            0.013551,            0.011722,                   0,                   1,              0.9845,             0.99455,             0.75539,            0.019389,            0.020479,                   0,           0.0040201,           0.0040201,           0.0040201
                 184,            0.013771,            0.011249,                   0,             0.99999,              0.9845,             0.99428,             0.75224,            0.019965,            0.021084,                   0,           0.0039757,           0.0039757,           0.0039757
                 185,            0.014032,            0.011904,                   0,             0.99999,              0.9845,             0.99359,             0.75677,             0.01976,            0.021407,                   0,           0.0039314,           0.0039314,           0.0039314
                 186,            0.013891,            0.012058,                   0,             0.99998,              0.9845,             0.99408,             0.75225,            0.019521,            0.021215,                   0,           0.0038873,           0.0038873,           0.0038873
                 187,            0.013662,            0.012025,                   0,             0.99998,              0.9845,             0.99455,             0.75769,            0.018838,            0.020621,                   0,           0.0038434,           0.0038434,           0.0038434
                 188,            0.013072,            0.012408,                   0,             0.99999,              0.9845,             0.99455,             0.75571,            0.019151,            0.020807,                   0,           0.0037997,           0.0037997,           0.0037997
                 189,            0.013608,            0.012225,                   0,             0.99998,              0.9845,             0.99448,             0.75323,            0.018919,            0.020742,                   0,           0.0037562,           0.0037562,           0.0037562
                 190,             0.01366,            0.011438,                   0,                   1,             0.98442,             0.99449,               0.728,            0.020959,            0.021361,                   0,           0.0037128,           0.0037128,           0.0037128
                 191,            0.013563,            0.011971,                   0,                   1,             0.98448,             0.99456,             0.74934,            0.019001,            0.020603,                   0,           0.0036697,           0.0036697,           0.0036697
                 192,            0.012804,            0.011802,                   0,                   1,             0.98443,             0.99455,             0.74362,            0.019311,            0.020796,                   0,           0.0036267,           0.0036267,           0.0036267
                 193,             0.01305,            0.011255,                   0,             0.99999,              0.9845,             0.99435,             0.74636,            0.019387,             0.02042,                   0,            0.003584,            0.003584,            0.003584
                 194,            0.013059,            0.012222,                   0,             0.99998,              0.9845,             0.99435,             0.74231,            0.020095,             0.02069,                   0,           0.0035415,           0.0035415,           0.0035415
                 195,            0.012775,            0.011963,                   0,             0.99999,              0.9845,             0.99441,             0.73938,             0.02048,             0.02142,                   0,           0.0034991,           0.0034991,           0.0034991
                 196,            0.012916,            0.010844,                   0,             0.99996,             0.97674,             0.99433,             0.74624,            0.019918,            0.021425,                   0,            0.003457,            0.003457,            0.003457
                 197,            0.013087,             0.01093,                   0,             0.99219,             0.98448,             0.99462,             0.73677,            0.020202,            0.022042,                   0,           0.0034152,           0.0034152,           0.0034152
                 198,             0.01305,            0.011927,                   0,             0.99996,             0.97674,             0.99447,              0.7452,            0.020031,            0.021784,                   0,           0.0033735,           0.0033735,           0.0033735
                 199,            0.011986,            0.011259,                   0,                   1,              0.9767,             0.99447,             0.75065,            0.019083,            0.021432,                   0,           0.0033321,           0.0033321,           0.0033321
                 200,            0.012458,            0.011435,                   0,             0.99212,             0.97674,             0.99431,             0.73931,             0.01951,            0.021617,                   0,           0.0032909,           0.0032909,           0.0032909
                 201,            0.012352,             0.01166,                   0,             0.99217,              0.9845,              0.9944,             0.74877,            0.019019,            0.021242,                   0,             0.00325,             0.00325,             0.00325
                 202,            0.012126,            0.011392,                   0,             0.99208,              0.9845,             0.99455,              0.7433,            0.019525,            0.021399,                   0,           0.0032093,           0.0032093,           0.0032093
                 203,            0.011998,            0.010648,                   0,             0.99976,              0.9845,             0.99434,             0.73181,            0.020401,              0.0217,                   0,           0.0031689,           0.0031689,           0.0031689
                 204,            0.013093,            0.011928,                   0,                   1,             0.97672,              0.9939,             0.73867,            0.020013,            0.021639,                   0,           0.0031287,           0.0031287,           0.0031287
                 205,            0.013321,            0.011685,                   0,                   1,             0.97674,             0.99404,             0.74715,            0.019375,            0.021413,                   0,           0.0030888,           0.0030888,           0.0030888
                 206,            0.012213,            0.011834,                   0,                   1,             0.97669,             0.99432,             0.74875,            0.019487,            0.021103,                   0,           0.0030491,           0.0030491,           0.0030491
                 207,            0.012084,            0.011479,                   0,             0.99998,             0.97674,             0.99447,             0.74788,            0.019811,            0.020927,                   0,           0.0030097,           0.0030097,           0.0030097
                 208,            0.012239,            0.011525,                   0,             0.99219,             0.98447,             0.99469,             0.74633,            0.019894,            0.020839,                   0,           0.0029706,           0.0029706,           0.0029706
                 209,            0.012376,             0.01122,                   0,             0.98462,             0.99224,             0.99477,             0.74952,            0.019517,            0.021129,                   0,           0.0029318,           0.0029318,           0.0029318
                 210,            0.012001,            0.011878,                   0,             0.97727,             0.99977,             0.99469,             0.74572,            0.019886,            0.021017,                   0,           0.0028932,           0.0028932,           0.0028932
                 211,            0.012363,            0.011358,                   0,             0.97718,                   1,             0.99469,             0.75194,            0.019422,            0.021028,                   0,            0.002855,            0.002855,            0.002855
                 212,             0.01208,            0.011199,                   0,             0.97716,                   1,             0.99469,             0.76098,             0.01911,            0.020867,                   0,            0.002817,            0.002817,            0.002817
                 213,            0.012279,            0.011378,                   0,             0.98461,             0.99222,             0.99477,             0.75704,            0.019278,            0.020768,                   0,           0.0027793,           0.0027793,           0.0027793
                 214,            0.011658,            0.011166,                   0,             0.98473,             0.99989,             0.99485,             0.75568,            0.018943,            0.020962,                   0,           0.0027419,           0.0027419,           0.0027419
                 215,             0.01147,            0.010537,                   0,             0.98461,             0.99221,             0.99477,             0.75784,            0.019101,            0.021065,                   0,           0.0027048,           0.0027048,           0.0027048
                 216,             0.01176,            0.011693,                   0,             0.97717,                   1,             0.99469,             0.76152,            0.018488,            0.020795,                   0,           0.0026681,           0.0026681,           0.0026681
                 217,             0.01186,            0.010942,                   0,             0.97727,                   1,             0.99462,             0.75489,            0.018754,            0.021253,                   0,           0.0026316,           0.0026316,           0.0026316
                 218,            0.011899,            0.011893,                   0,             0.97724,                   1,             0.99462,             0.75351,            0.019183,            0.021196,                   0,           0.0025954,           0.0025954,           0.0025954
                 219,            0.012031,            0.011295,                   0,             0.97727,             0.99996,             0.99469,               0.758,            0.019031,            0.021157,                   0,           0.0025596,           0.0025596,           0.0025596
                 220,            0.011958,            0.010762,                   0,             0.97727,             0.99999,             0.99462,             0.75337,            0.019483,            0.021336,                   0,           0.0025241,           0.0025241,           0.0025241
                 221,            0.012106,            0.010753,                   0,                   1,             0.97673,             0.99462,              0.7515,            0.019435,            0.021571,                   0,           0.0024889,           0.0024889,           0.0024889
                 222,            0.011946,            0.010973,                   0,             0.99219,             0.98447,             0.99462,             0.73821,            0.020249,            0.021711,                   0,           0.0024541,           0.0024541,           0.0024541
                 223,            0.011522,            0.011133,                   0,                   1,             0.98447,              0.9947,             0.75241,            0.019372,            0.021057,                   0,           0.0024195,           0.0024195,           0.0024195
                 224,            0.011773,            0.010061,                   0,             0.99219,             0.98447,             0.99462,             0.75431,            0.019261,             0.02098,                   0,           0.0023854,           0.0023854,           0.0023854
                 225,            0.011404,            0.010745,                   0,             0.99999,             0.97674,             0.99462,             0.75147,            0.019437,            0.021192,                   0,           0.0023515,           0.0023515,           0.0023515
                 226,            0.011459,            0.010839,                   0,             0.98462,             0.99225,             0.99477,             0.75051,            0.019427,            0.021149,                   0,            0.002318,            0.002318,            0.002318
                 227,            0.011364,            0.011005,                   0,             0.98457,                   1,             0.99477,             0.75273,            0.019288,            0.021124,                   0,           0.0022849,           0.0022849,           0.0022849
                 228,             0.01126,            0.011388,                   0,                   1,             0.98443,             0.99477,              0.7524,            0.019236,            0.021361,                   0,           0.0022521,           0.0022521,           0.0022521
                 229,            0.011919,            0.011229,                   0,             0.99219,             0.98449,             0.99469,             0.75262,            0.019379,             0.02124,                   0,           0.0022196,           0.0022196,           0.0022196
                 230,            0.011342,            0.011409,                   0,             0.99999,             0.97674,             0.99462,              0.7535,             0.01931,            0.021139,                   0,           0.0021876,           0.0021876,           0.0021876
                 231,            0.011492,           0.0099206,                   0,             0.99997,              0.9845,             0.99477,             0.74942,            0.018938,            0.020863,                   0,           0.0021558,           0.0021558,           0.0021558
                 232,            0.011012,            0.010687,                   0,             0.99999,              0.9845,             0.99477,             0.75295,            0.019086,            0.020916,                   0,           0.0021245,           0.0021245,           0.0021245
                 233,            0.011657,            0.010457,                   0,             0.99997,              0.9845,             0.99477,             0.75405,            0.018657,             0.02065,                   0,           0.0020935,           0.0020935,           0.0020935
                 234,            0.011333,            0.010897,                   0,             0.99995,              0.9845,             0.99477,              0.7593,            0.018576,            0.020792,                   0,           0.0020629,           0.0020629,           0.0020629
                 235,            0.011248,            0.010673,                   0,             0.99995,              0.9845,             0.99477,             0.75469,            0.018691,             0.02089,                   0,           0.0020327,           0.0020327,           0.0020327
                 236,            0.011528,            0.010565,                   0,                   1,             0.98442,             0.99477,             0.75481,            0.018649,            0.020835,                   0,           0.0020028,           0.0020028,           0.0020028
                 237,            0.011028,             0.01085,                   0,             0.99218,              0.9845,             0.99469,             0.76337,            0.018684,            0.020982,                   0,           0.0019734,           0.0019734,           0.0019734
                 238,             0.01099,            0.011451,                   0,             0.99216,              0.9845,             0.99469,             0.76131,            0.018779,             0.02139,                   0,           0.0019443,           0.0019443,           0.0019443
                 239,            0.010964,            0.010732,                   0,                   1,             0.97671,             0.99454,             0.76583,            0.018681,            0.021468,                   0,           0.0019156,           0.0019156,           0.0019156
                 240,            0.011566,            0.011372,                   0,             0.99219,             0.98448,             0.99455,             0.75872,            0.018961,            0.021748,                   0,           0.0018873,           0.0018873,           0.0018873
                 241,            0.011577,             0.01123,                   0,             0.98449,              0.9845,             0.99425,             0.75461,            0.019332,            0.021652,                   0,           0.0018594,           0.0018594,           0.0018594
                 242,            0.011567,            0.011652,                   0,              0.9845,              0.9845,             0.99432,             0.75032,             0.01934,             0.02173,                   0,           0.0018319,           0.0018319,           0.0018319
                 243,            0.011023,            0.011381,                   0,             0.98448,              0.9845,             0.99439,              0.7473,            0.019664,            0.021984,                   0,           0.0018048,           0.0018048,           0.0018048
                 244,            0.011433,            0.010367,                   0,              0.9845,             0.98449,             0.99439,             0.75335,            0.019652,            0.021821,                   0,           0.0017781,           0.0017781,           0.0017781
                 245,            0.011699,            0.011137,                   0,              0.9845,             0.98447,             0.99439,             0.75621,            0.019713,             0.02143,                   0,           0.0017519,           0.0017519,           0.0017519
                 246,            0.011216,            0.010418,                   0,             0.99997,             0.97674,             0.99454,             0.75821,            0.019217,            0.021043,                   0,            0.001726,            0.001726,            0.001726
                 247,            0.010889,            0.010352,                   0,                   1,             0.97674,             0.99447,             0.75804,            0.019057,             0.02117,                   0,           0.0017005,           0.0017005,           0.0017005
                 248,            0.011175,            0.010068,                   0,             0.99998,             0.97674,              0.9944,             0.75775,            0.019142,            0.021526,                   0,           0.0016755,           0.0016755,           0.0016755
                 249,            0.010839,            0.010457,                   0,             0.99998,             0.97674,             0.99447,             0.75351,            0.019315,            0.021997,                   0,           0.0016509,           0.0016509,           0.0016509
                 250,            0.011341,            0.010631,                   0,                   1,             0.97672,             0.99447,             0.74079,            0.019707,            0.022347,                   0,           0.0016267,           0.0016267,           0.0016267
                 251,            0.011097,            0.010234,                   0,                   1,             0.97674,             0.99447,             0.73999,            0.019447,            0.022415,                   0,           0.0016029,           0.0016029,           0.0016029
                 252,            0.010879,             0.01047,                   0,                   1,             0.97674,             0.99447,             0.74454,            0.019413,            0.022362,                   0,           0.0015795,           0.0015795,           0.0015795
                 253,            0.011221,            0.010888,                   0,             0.99999,             0.97674,             0.99454,             0.74168,            0.019421,            0.022144,                   0,           0.0015566,           0.0015566,           0.0015566
                 254,            0.010837,            0.010287,                   0,                   1,             0.97672,             0.99462,             0.74375,            0.019444,            0.022013,                   0,           0.0015341,           0.0015341,           0.0015341
                 255,            0.010721,            0.011067,                   0,                   1,             0.97672,             0.99462,             0.75012,            0.019111,            0.021651,                   0,           0.0015121,           0.0015121,           0.0015121
                 256,            0.011296,            0.010484,                   0,                   1,             0.98443,             0.99477,             0.75602,            0.018839,            0.021417,                   0,           0.0014905,           0.0014905,           0.0014905
                 257,            0.010997,            0.010395,                   0,             0.99982,              0.9845,             0.99477,             0.75096,            0.019035,            0.021462,                   0,           0.0014693,           0.0014693,           0.0014693
                 258,            0.011056,            0.010901,                   0,             0.99214,              0.9845,             0.99469,             0.75648,            0.018872,            0.021297,                   0,           0.0014486,           0.0014486,           0.0014486
                 259,            0.010653,           0.0097253,                   0,                   1,             0.97672,             0.99469,             0.76012,            0.018892,            0.021499,                   0,           0.0014283,           0.0014283,           0.0014283
                 260,            0.011246,           0.0099498,                   0,              0.9921,              0.9845,             0.99469,             0.75952,            0.019076,             0.02185,                   0,           0.0014084,           0.0014084,           0.0014084
                 261,            0.010033,           0.0099232,                   0,             0.99219,             0.98443,             0.99462,             0.75904,            0.019035,            0.021841,                   0,            0.001389,            0.001389,            0.001389
                 262,            0.010746,           0.0096307,                   0,             0.99215,              0.9845,             0.99462,             0.75528,             0.01908,            0.022176,                   0,           0.0013701,           0.0013701,           0.0013701
                 263,             0.01061,            0.010384,                   0,             0.99219,             0.98446,             0.99462,             0.75407,             0.01907,            0.022306,                   0,           0.0013516,           0.0013516,           0.0013516
                 264,            0.011098,            0.011029,                   0,             0.99219,             0.98448,             0.99469,             0.75945,            0.019112,            0.022342,                   0,           0.0013336,           0.0013336,           0.0013336
                 265,            0.010835,            0.009738,                   0,             0.99997,             0.97674,             0.99447,             0.75653,            0.019208,            0.022331,                   0,            0.001316,            0.001316,            0.001316
                 266,            0.010823,              0.0105,                   0,                   1,             0.97672,             0.99454,             0.74858,            0.019191,            0.022465,                   0,           0.0012989,           0.0012989,           0.0012989
                 267,            0.010864,            0.010683,                   0,             0.99997,             0.97674,             0.99454,             0.74984,            0.019146,            0.022183,                   0,           0.0012822,           0.0012822,           0.0012822
                 268,            0.010514,            0.010305,                   0,                   1,             0.97672,             0.99454,             0.74735,             0.01925,            0.022075,                   0,            0.001266,            0.001266,            0.001266
                 269,            0.010724,            0.010789,                   0,             0.99996,             0.97674,             0.99462,             0.75054,            0.019313,            0.022137,                   0,           0.0012503,           0.0012503,           0.0012503
                 270,            0.010712,           0.0099283,                   0,             0.98457,             0.99225,             0.99469,             0.75017,            0.019434,            0.022237,                   0,            0.001235,            0.001235,            0.001235
                 271,            0.010871,            0.010237,                   0,             0.98461,             0.99225,             0.99469,             0.74312,            0.019715,            0.022709,                   0,           0.0012202,           0.0012202,           0.0012202
                 272,            0.010596,           0.0097833,                   0,             0.98458,             0.99225,             0.99469,             0.74722,            0.019476,            0.022618,                   0,           0.0012059,           0.0012059,           0.0012059
                 273,            0.010657,            0.010692,                   0,             0.98461,             0.99225,             0.99469,             0.74709,            0.019512,            0.022653,                   0,           0.0011921,           0.0011921,           0.0011921
                 274,            0.011106,            0.009828,                   0,             0.98456,             0.99225,             0.99469,             0.75168,            0.019265,             0.02249,                   0,           0.0011787,           0.0011787,           0.0011787
                 275,            0.010739,            0.010229,                   0,             0.98461,             0.99219,             0.99469,             0.74945,            0.019397,            0.022661,                   0,           0.0011658,           0.0011658,           0.0011658
                 276,            0.010689,           0.0098467,                   0,             0.98461,             0.99212,             0.99469,             0.74926,            0.019347,            0.022536,                   0,           0.0011533,           0.0011533,           0.0011533
                 277,            0.010341,            0.010301,                   0,             0.98461,             0.99221,             0.99469,             0.75503,            0.019252,            0.022421,                   0,           0.0011414,           0.0011414,           0.0011414
                 278,            0.010532,            0.010239,                   0,             0.98438,             0.99225,             0.99469,             0.75188,            0.019077,            0.022344,                   0,           0.0011299,           0.0011299,           0.0011299
                 279,            0.010555,            0.010345,                   0,                   1,             0.97672,             0.99462,             0.74989,            0.019077,            0.022511,                   0,           0.0011189,           0.0011189,           0.0011189
                 280,            0.010415,            0.010568,                   0,             0.99999,             0.97674,             0.99454,              0.7448,            0.019064,            0.022452,                   0,           0.0011084,           0.0011084,           0.0011084
                 281,            0.010755,            0.010191,                   0,                   1,             0.97674,             0.99454,             0.74571,            0.019154,             0.02246,                   0,           0.0010983,           0.0010983,           0.0010983
                 282,            0.010966,            0.010206,                   0,             0.98457,             0.99225,             0.99469,             0.75168,             0.01913,            0.022425,                   0,           0.0010888,           0.0010888,           0.0010888
                 283,            0.010946,            0.010702,                   0,             0.98461,              0.9922,             0.99469,             0.75365,            0.019175,            0.022467,                   0,           0.0010797,           0.0010797,           0.0010797
                 284,             0.01045,            0.010413,                   0,                   1,             0.97672,             0.99454,             0.75136,            0.019384,            0.022533,                   0,           0.0010711,           0.0010711,           0.0010711
                 285,            0.010537,           0.0095486,                   0,             0.98456,             0.99225,             0.99469,             0.75324,            0.019206,            0.022409,                   0,            0.001063,            0.001063,            0.001063
                 286,            0.010527,            0.010144,                   0,             0.98459,             0.99225,             0.99469,             0.75435,             0.01912,            0.022387,                   0,           0.0010554,           0.0010554,           0.0010554
                 287,            0.010409,           0.0099985,                   0,              0.9846,             0.99225,             0.99469,             0.74481,            0.019404,            0.022558,                   0,           0.0010483,           0.0010483,           0.0010483
                 288,             0.01085,            0.010314,                   0,             0.98461,             0.99222,             0.99469,             0.74367,            0.019278,            0.022522,                   0,           0.0010416,           0.0010416,           0.0010416
                 289,            0.010521,           0.0093716,                   0,                   1,             0.97672,             0.99462,             0.75094,            0.019372,            0.022493,                   0,           0.0010355,           0.0010355,           0.0010355
                 290,             0.01059,            0.010671,                   0,                   1,             0.97674,             0.99454,              0.7517,             0.01924,            0.022443,                   0,           0.0010298,           0.0010298,           0.0010298
                 291,            0.010665,            0.010216,                   0,                   1,             0.97672,             0.99454,             0.75433,            0.019264,            0.022522,                   0,           0.0010247,           0.0010247,           0.0010247
                 292,            0.010686,            0.010469,                   0,             0.99999,             0.97674,             0.99462,             0.75489,            0.019194,            0.022705,                   0,             0.00102,             0.00102,             0.00102
                 293,            0.010667,           0.0095133,                   0,             0.99999,             0.97674,             0.99454,               0.747,            0.019478,            0.023089,                   0,           0.0010158,           0.0010158,           0.0010158
                 294,            0.010694,           0.0098457,                   0,             0.99998,             0.97674,             0.99462,             0.74632,            0.019424,            0.023023,                   0,           0.0010121,           0.0010121,           0.0010121
                 295,            0.010565,            0.010447,                   0,                   1,             0.97673,             0.99462,             0.74326,            0.019481,            0.023196,                   0,           0.0010089,           0.0010089,           0.0010089
                 296,            0.010655,            0.010282,                   0,                   1,             0.97674,             0.99462,             0.74793,            0.019534,             0.02317,                   0,           0.0010062,           0.0010062,           0.0010062
                 297,            0.010656,           0.0097227,                   0,             0.99998,             0.97674,             0.99462,              0.7463,            0.019378,            0.022633,                   0,           0.0010039,           0.0010039,           0.0010039
                 298,            0.010365,           0.0090329,                   0,                   1,             0.97674,             0.99462,             0.74855,            0.019369,            0.022658,                   0,           0.0010022,           0.0010022,           0.0010022
                 299,            0.010544,            0.010409,                   0,                   1,             0.97672,             0.99462,             0.74772,            0.019524,            0.022784,                   0,            0.001001,            0.001001,            0.001001
